{
    "backend": "flask",
    "db_name": "",
    "db_pass": "",
    "db_type": "sqlite",
    "db_user": "",
    "dbms": "1",
    "description": "generated product",
    "design": "material-kit",
    "docker": "1",
    "err_code": 0,
    "frontend": "",
    "heroku": "0",
    "pattern": "mvc",
    "pro": "0",
    "task_id": "e2c3f16c-1205-42f8-8dca-98b9399cbda0",
    "task_info": "Task is finished",
    "task_output": "e2c3f16c-1205-42f8-8dca-98b9399cbda0.zip",
    "task_result": "SUCCESS",
    "task_state": "FINISHED",
    "task_ts_end": "2022-05-25-21-49-57",
    "task_ts_start": "2022-05-25-21-49-35"
}